Brand Name,Product Name,Colors,Sizes,Product Description,UPC,Custom Field,Product Images,SalePrice,ActualPrice
Michael Kors,MK9102 - Lennox Chronograph,Gunmetal, ,"Watch Sizing Guide
SKU: #9902667
Keep your style game always on point with the Michael Kors® MK7361 - Lennox Three-Hand watch.
Stainless steel case with rhinestone embellsihed topring.
Round analog sunray dial featuring three-hand movement and brand name detailing.
Stainless steel bracelet strap with pavé centerlink and two pusher foldover clasp closure.
Water-resistant up to 50 meters.
Presentation box included.
Made in Japan.
This product may have a manufacturer's warranty. Please visit the manufacturer's website or contact us at warranty@support.zappos.com for full manufacturer warranty details.",796483612761,6pm SKU:#9902667,"https://m.media-amazon.com/images/I/817NY0CUcnL._AC_SR736,920_.jpg","https://m.media-amazon.com/images/I/61KTgIBXkYL._AC_SR736,920_.jpg","https://m.media-amazon.com/images/I/61tyo0WebtL._AC_SR736,920_.jpg","https://m.media-amazon.com/images/I/71BxkvjJ2CL._AC_SR736,920_.jpg",148.00,295.00
Michael Kors,MK9093 - Everest Three-Hand,Gunmetal, ,"Watch Sizing Guide
SKU: #9902664
Bring on a timeles appeal to your veryday look with the Michael Kors® MK7357 - Everest Three-Hand watch.
Stainless steel case with minute markers on the topring.
Round analog dial featuring geometric indices, three-hand moement, brand name detail, and shimmering pavéd accents.
Stainless steel mesh bracelet with buckle closure.
Water-resistant up to 100 meters.
Presentation box included.
Made in Japan.
This product may have a manufacturer's warranty. Please visit the manufacturer's website or contact us at warranty@support.zappos.com for full manufacturer warranty details.",796483613232,6pm SKU:#9902664,"https://m.media-amazon.com/images/I/81Ujw9DbrqL._AC_SR736,920_.jpg","https://m.media-amazon.com/images/I/71V6ryCfc6L._AC_SR736,920_.jpg","https://m.media-amazon.com/images/I/71yGJvHf5sL._AC_SR736,920_.jpg","https://m.media-amazon.com/images/I/71BxkvjJ2CL._AC_SR736,920_.jpg",141.01,250.00
Timex,37 mm Legacy Ocean,Pink, ,"Bring some magical touch to your appearance wearing the Timex® 37 mm Legacy Ocean watch.
SKU: #9899306
Water resistant up to 30 meters.
Quartz movement.
Mineral crystal face.
Resin case.
Luminant silver hands.
Deployment clasp closure.
Imported.
This product may have a manufacturer's warranty. Please visit the manufacturer's website or contact us at warranty@support.zappos.com for full manufacturer warranty details.",194366259636,6pm SKU:#9899306,"https://m.media-amazon.com/images/I/61wZHdqlesL._AC_SR736,920_.jpg","https://m.media-amazon.com/images/I/71pT64v850L._AC_SR736,920_.jpg","https://m.media-amazon.com/images/I/71Rl1QUtcRL._AC_SR736,920_.jpg",,58.00,99.00
Timex,41 mm Standard Chrono Leather Combo Strap Watch,Black, ,"Give your casual look an elegant touch by wearing the Timex® 41 mm Standard Chrono Leather Combo Strap Watch.
SKU: #9826980
Chronograph watch featuring a low lead brass case.
Round analog dial with three-hand quartz movement, Arabic and index hour markers, three sub-dials, and date display at 4 o'clock position.
Quick-release leather strap with adjustable buckle closure.
Water-resistant up to 50 meters.
Imported.
This product may have a manufacturer's warranty. Please visit the manufacturer's website or contact us at warranty@support.zappos.com for full manufacturer warranty details.
Measurements:
Case Diameter: 41 mm;
Weight: 5 oz.",194366203028,6pm SKU:#9826980,"https://m.media-amazon.com/images/I/71kyxA-LaqL._AC_SR736,920_.jpg","https://m.media-amazon.com/images/I/71EzLRtgJBL._AC_SR736,920_.jpg","https://m.media-amazon.com/images/I/51pfKKKwP9L._AC_SR736,920_.jpg",,101.15,119.00
Diesel,Split Chronograph Stainless Steel Watch - DZ4623,Gold, ,"Watch Sizing Guide
SKU: #9881610
Leave an impeccable impression by donning the functional Diesel® Split Chronograph Stainless Steel Watch - DZ4623.
Stainless steel construction.
Bracelet deployant closure.
Chronograph movement with a sunray dial.
Goldtone bracelet-style watch.
Water-resistant up to 50 m.
Comes in a presentation box.
Made in Japan.
This product may have a manufacturer's warranty. Please visit the manufacturer's website or contact us at warranty@support.zappos.com for full manufacturer warranty details.
Measurements:
Case Width: 43 mm",698615147236,6pm SKU:#9881610,"https://m.media-amazon.com/images/I/61Q538rwqkL._AC_SR736,920_.jpg","https://m.media-amazon.com/images/I/51Y1M5KNTvL._AC_SR736,920_.jpg","https://m.media-amazon.com/images/I/51dsbCJo+eL._AC_SR736,920_.jpg","https://m.media-amazon.com/images/I/61YFbUc-uqL._AC_SR736,920_.jpg",242.96,270.00
Diesel,Split Chronograph Two-Tone Stainless Steel Watch - DZ4625,Gold/Silver, ,"Watch Sizing Guide
SKU: #9881612
Elevate your everyday style with the super functional Diesel® Split Chronograph Two-Tone Stainless Steel Watch - DZ4625.
Stainless steel construction.
Bracelet deployant closure.
Chronograph movement with a satin dial.
Two-tone bracelet-style watch.
Water-resistant up to 50 m.
Comes in a presentation box.
Made in Japan.
This product may have a manufacturer's warranty. Please visit the manufacturer's website or contact us at warranty@support.zappos.com for full manufacturer warranty details.
Measurements:
Case Width: 51 mm",698615147281,6pm SKU:#9881612,"https://m.media-amazon.com/images/I/61FgIjWCfbL._AC_SR736,920_.jpg","https://m.media-amazon.com/images/I/512NIlrVccL._AC_SR736,920_.jpg","https://m.media-amazon.com/images/I/51tkoFRTZzL._AC_SR736,920_.jpg","https://m.media-amazon.com/images/I/61YFbUc-uqL._AC_SR736,920_.jpg",149.00,270.00
Diesel,Baby Chief Three-Hand Solar-Powered rPET Watch - DZ4619,Red, ,"Watch Sizing Guide
SKU: #9881606
Keep your clean and chic by adding the minimalist design of the Diesel® Baby Chief Three-Hand Solar-Powered rPET Watch - DZ4619 wristwatch.
Stainless steel construction.
Red brushed dial.
Three-hand solar-powered movement.
Sleek red 100% rPET strap with signature branding.
Single-prong strap buckle closure.
Solar-powered design.
Water resistant up to 50 meters.
Presentation box included.
Made in Japan.
This product may have a manufacturer's warranty. Please visit the manufacturer's website or contact us at warranty@support.zappos.com for full manufacturer warranty details.",698615147472,6pm SKU:#9881606,"https://m.media-amazon.com/images/I/61Nk0roOWiL._AC_SR736,920_.jpg","https://m.media-amazon.com/images/I/51mq716E6jL._AC_SR736,920_.jpg","https://m.media-amazon.com/images/I/615u1FOhG6L._AC_SR736,920_.jpg","https://m.media-amazon.com/images/I/61YFbUc-uqL._AC_SR736,920_.jpg",170.96,190.00
Diesel,Cliffhanger Three-Hand Two-Tone Stainless Steel Watch - DZ2169,Gold/Silver, ,"Watch Sizing Guide
SKU: #9881603
Give a striking twist to your look by donning the Diesel® Cliffhanger Three-Hand Two-Tone Stainless Steel Watch - DZ2169.
Stainless steel construction.
Bracelet deployant closure.
Three-hand date movement with a satin dial.
Two-tone bracelet-style watch.
Water-resistant up to 50 m.
Comes in a presentation box.
Made in Japan.
This product may have a manufacturer's warranty. Please visit the manufacturer's website or contact us at warranty@support.zappos.com for full manufacturer warranty details.
Measurements:
Case Width: 36 mm",698615147298,6pm SKU:#9881603,"https://m.media-amazon.com/images/I/611Wng8JW1L._AC_SR736,920_.jpg","https://m.media-amazon.com/images/I/51f5m-vxumL._AC_SR736,920_.jpg","https://m.media-amazon.com/images/I/514aM4R5eLL._AC_SR736,920_.jpg","https://m.media-amazon.com/images/I/61YFbUc-uqL._AC_SR736,920_.jpg",188.96,210.00
Timex,40 mm Gallery 3-Hand Leather Strap Watch,Tan, ,"Adopt a charming and dapper look by wearing the Timex® 40 mm Gallery 3-Hand Leather Strap Watch.
SKU: #9826979
Low lead brass case housing round analog dial with three-hand movement and index hour markers.
Quick-release, leather strap with adjustable buckle closure.
Water-resistant up to 30 meters.
Imported.
This product may have a manufacturer's warranty. Please visit the manufacturer's website or contact us at warranty@support.zappos.com for full manufacturer warranty details.
Measurements:
Case Diameter: 40 mm;
Weight: 4.8 oz.",194366202991,6pm SKU:#9826979,"https://m.media-amazon.com/images/I/71I4dNIwWkL._AC_SR736,920_.jpg","https://m.media-amazon.com/images/I/71XWQWjDuVL._AC_SR736,920_.jpg","https://m.media-amazon.com/images/I/513CdP7-krL._AC_SR736,920_.jpg",,53.00,89.00
GUESS,36 mm Crystalline 3-Hand Case Sunray 12 Diamond Dial Plated Bracelet GW0114L3,Rose Gold/White/Rose Gold, ,"Adorn your wrist with the glittering shine of the rose goldtone GUESS® 36 mm Crystalline 3-Hand Case Sunray 12 Diamond Dial Plated Bracelet GW0114L3 wristwatch.
SKU: #9881944
Rose goldtone stainless steel casing.
Round sunray dial and diamond-studded hour markers with brand name featuring a three-hand analog movement.
Stainless steel bracelet strap with folding push deployment clip closure.
Water-resistant up to 50 meters.
Presentation box included.
Imported.
This product may have a manufacturer's warranty. Please visit the manufacturer's website or contact us at warranty@support.zappos.com for full manufacturer warranty details.
Measurements:
Case Height: 36 mm
Case Width: 36 mm
Case Depth: 10 mm
Band Width: 16 mm
Band Circumference/Length: 7 in
Weight: 3 oz",091661517341,6pm SKU:#9881944,"https://m.media-amazon.com/images/I/61jKXkJz11L._AC_SR736,920_.jpg","https://m.media-amazon.com/images/I/71YGpMLew0L._AC_SR736,920_.jpg","https://m.media-amazon.com/images/I/71P02Dy-oKL._AC_SR736,920_.jpg",,117.00,195.00
GUESS,44 mm Continental Multifunction with Glitz Dial Marble Silicone Strap GW0418G2,Gold/Black/Black, ,"Bring some glam to your outfit wearing the GUESS® 44 mm Continental Multifunction with Glitz Dial Marble Silicone Strap GW0418G2 Watch.
SKU: #9881951
Silicone construction.
Stainless-steel case.
Multifunctional chrono look movement.
Crystals embellished on the bezel.
Buckle closure on the strap.
Three-hand analog display with Japanese movement.
Goldtone case with glitz finish.
Protective box included.
Water-resistant capacity upto 50 meters.
Imported.
This product may have a manufacturer's warranty. Please visit the manufacturer's website or contact us at warranty@support.zappos.com for full manufacturer warranty details.
Measurements:
Case Height: 44 mm
Case Width: 44 mm
Case Depth: 12 mm
Band Width: 20 mm
Band Circumference/Length: 8 1⁄2 in
Weight: 3 oz",091661527036,6pm SKU:#9881951,"https://m.media-amazon.com/images/I/71BPj2qOa+L._AC_SR736,920_.jpg","https://m.media-amazon.com/images/I/81J0HE-cutL._AC_SR736,920_.jpg","https://m.media-amazon.com/images/I/61KGLqVSq4L._AC_SR736,920_.jpg","https://m.media-amazon.com/images/I/71Rji9nlVSL._AC_SR736,920_.jpg",137.62,215.00
Michael Kors,MK4688 - Raquel Chronograph Stainless Steel Watch,Rose Gold Tone, ,"Watch Sizing Guide
SKU: #9862524
Stay update of world affairs by wearing Michael Kors® K4688 - Raquel Chronograph Stainless Steel Watch.
Stainless steel construction.
Rose-gold finish.
Chronograph dial with 3 sub-dials.
3-hand movement.
Battery-powered.
5 ATM water resistant.
Fold-over push-button deployment.
Comes with box.
Imported.
This product may have a manufacturer's warranty. Please visit the manufacturer's website or contact us at warranty@support.zappos.com for full manufacturer warranty details.
Measurements:
Case Height: 2 mm
Case Width: 1 3⁄5 mm
Case Depth: 1⁄2 mm
Band Width: 4⁄5 mm
Band Circumference/Length: 3 1⁄2 in
Weight: 6 oz",796483586826,6pm SKU:#9862524,"https://m.media-amazon.com/images/I/61YO+VFVmmL._AC_SR736,920_.jpg","https://m.media-amazon.com/images/I/71c7K8WPC5L._AC_SR736,920_.jpg","https://m.media-amazon.com/images/I/711SArkfQhL._AC_SR736,920_.jpg","https://m.media-amazon.com/images/I/51cdIx3ESSL._AC_SR736,920_.jpg",163.00,325.00
Michael Kors,MK1068SET - Liliane Three Hand Stainless Steel Watch,Rose Gold Tone, ,"Watch Sizing Guide
SKU: #9862496
Gift yourself or your people the timeless memorabilia of Michael Kors® MK1068SET - Liliane Three Hand Stainless Steel Watch.
Stainless steel metal case back.
Round face, 36 mm watch.
Rose goldtone stainless steel set features pink pave and coordinating heart bracelet.
Features a pale pink mothe-of-pearl dial with a stingray pink pave top ring.
Slider bracelet has a logo detailing a pink pave heart.
Bracelet deployment closure.
Water resistant up to 50 m and is wearable while swimming in shallow water.
Made in Japan.",796483591424,6pm SKU:#9862496,"https://m.media-amazon.com/images/I/61XidCJjZyL._AC_SR736,920_.jpg","https://m.media-amazon.com/images/I/71sDUdvV7DL._AC_SR736,920_.jpg","https://m.media-amazon.com/images/I/61KujY6SV4L._AC_SR736,920_.jpg","https://m.media-amazon.com/images/I/71Ye+-WI7VL._AC_SR736,920_.jpg",198.00,325.00
Michael Kors,MK4698 - Petite Camille Three Hand Stainless Steel Watch,Silver, ,"Watch Sizing Guide
SKU: #9862497
A classic look of luxury, our Michael Kors® MK4698 - Petite Camille Three Hand Stainless Steel Watch features a pave topring and roman numerals on the dial. this sleek and sophisticated mini-watch makes the perfect addition to any wardrobe.
Bracelet deployant closure.
Wwater resistant up to 50m.
Wearable while swimming in shallow water.
Stainless construction.
Imported.
This product may have a manufacturer's warranty. Please visit the manufacturer's website or contact us at warranty@support.zappos.com for full manufacturer warranty details.",796483586192,6pm SKU:#9862497,"https://m.media-amazon.com/images/I/61ldJZzsq9L._AC_SR736,920_.jpg","https://m.media-amazon.com/images/I/71hIxwyrQBL._AC_SR736,920_.jpg","https://m.media-amazon.com/images/I/612LEOYAg6L._AC_SR736,920_.jpg","https://m.media-amazon.com/images/I/71Ye+-WI7VL._AC_SR736,920_.jpg",202.50,225.00
Timex,34 mm Transcend with Crystals 3-Hand Mesh Band Watch,Gold, ,"Keep yourself always on time by wearing Timex® 34 mm Transcend with Crystals 3-Hand Mesh Band Watch.
SKU: #9826992
Stainless steel case.
Textured analog dial.
2-hand movement.
Classic sunray markers.
Crystal bezel.
Self-adjusting mesh strap.
Battery powered.
30 meters water resistant.
Imported.
Measurement:
Diameter: 34 mm;
Weight: 4.5 oz.
This product may have a manufacturer's warranty. Please visit the manufacturer's website or contact us at warranty@support.zappos.com for full manufacturer warranty details.",194366221565,6pm SKU:#9826992,"https://m.media-amazon.com/images/I/71KKg5mcpYL._AC_SR736,920_.jpg","https://m.media-amazon.com/images/I/81bEgOWjb6L._AC_SR736,920_.jpg","https://m.media-amazon.com/images/I/81F19s9yYDL._AC_SR736,920_.jpg",,78.48,109.00
Ted Baker,Quilted Leather Compatible with Apple Watch,Silver, ,"If you love experimenting with your look, the Ted Baker® Quilted Leather Compatible with Apple Watch® Strap is a perfect choice.
SKU: #9826931
Leather construction.
Allover quilted pattern for added style.
Single-prong buckle closure.
Fits 38 mm /40 mm Apple Watches®.
Watch sold separately.
Spot clean.
Imported.
This product may have a manufacturer's warranty. Please visit the manufacturer's website or contact us at warranty@support.zappos.com for full manufacturer warranty details.
Measurements:
Band Width: 3⁄4 mm
Weight: 0.55 oz",194366226485,6pm SKU:#9826931,"https://m.media-amazon.com/images/I/61eZmb5D7qL._AC_SR736,920_.jpg","https://m.media-amazon.com/images/I/61H0oum1oVL._AC_SR736,920_.jpg",,,25.28,74.00
Kate Spade New York,32 mm Chelsea Three Hand Leather Watch - KSW1786,Black, ,"Exude classic elegance by adorning your wrist with the Kate Spade New York® 32 mm Chelsea Three Hand Leather Watch - KSW1786.
SKU: #9862336
Round goldtone stainless steel case paired with a black leather strap.
Strap deployant closure.
Contrasting matte dial with iconic spade crown cover.
Three-hand analog display with quartz movement.
Splash-resistant upto 30 meters.
Presentation box included.
Made in Japan.
This product may have a manufacturer's warranty. Please visit the manufacturer's website or contact us at warranty@support.zappos.com for full manufacturer warranty details.",796483593350,6pm SKU:#9862336,"https://m.media-amazon.com/images/I/61so9ktYIKL._AC_SR736,920_.jpg","https://m.media-amazon.com/images/I/51olRn0DGoL._AC_SR736,920_.jpg","https://m.media-amazon.com/images/I/61me7jXbSdL._AC_SR736,920_.jpg","https://m.media-amazon.com/images/I/51+tJRsl1XL._AC_SR736,920_.jpg",178.20,198.00
Timex,41 mm Waterbury Diver Quartz 3-Hand Leather Strap Watch,Black, ,"Keep yourself punctual everywhere by wearing Timex® 41 mm Waterbury Diver Quartz 3-Hand Leather Strap Watch.
SKU: #9826990
Stainless steel case.
Round analog dial with classic markers.
Luminant 3-hand movement.
Leather strap with buckle closure.
Battery powered.
100 meters water resistant.
Imported.
Measurement:
Diameter: 41 mm;
Weight: 5.0 oz.
This product may have a manufacturer's warranty. Please visit the manufacturer's website or contact us at warranty@support.zappos.com for full manufacturer warranty details.",194366216745,6pm SKU:#9826990,"https://m.media-amazon.com/images/I/61TCetLHURL._AC_SR736,920_.jpg","https://m.media-amazon.com/images/I/71bvaLNrsaL._AC_SR736,920_.jpg","https://m.media-amazon.com/images/I/71wi9hvGs6L._AC_SR736,920_.jpg","https://m.media-amazon.com/images/I/51aWwcUJhqL._AC_SR736,920_.jpg",96.00,179.00
Timex,32 mm Adorn Crystal Bezel 3-Hand Leather Strap Watch,Black, ,"Adopt a chic and classy look by wearing the Timex® 32 mm Adorn Crystal Bezel 3-Hand Leather Strap Watch.
SKU: #9826985
Low lead brass case housing round analog dial with three-hand movement and crystal-embellished hour markers.
Rhinestone embellishment on the bezel.
Leather strap with adjustable buckle closure.
Water-resistant up to 50 meters.
Imported.
This product may have a manufacturer's warranty. Please visit the manufacturer's website or contact us at warranty@support.zappos.com for full manufacturer warranty details.
Measurements:
Case Diameter: 32 mm;
Weight: 4.6 oz.",194366211702,6pm SKU:#9826985,"https://m.media-amazon.com/images/I/71P4FnyJWtL._AC_SR736,920_.jpg","https://m.media-amazon.com/images/I/718oz1VmubL._AC_SR736,920_.jpg",,,98.10,109.00
GUESS,U1299G2,White, ,"Accentuate your looks with the stylish GUESS® U1299G2 watch.
SKU: #9300295
Buckle closure.
Water resistant up to 50 meters/ 165 feet.
Silicon band.
Stainless steel case.
Digital face.
Imported.
This product may have a manufacturer's warranty. Please visit the manufacturer's website or contact us at warranty@support.zappos.com for full manufacturer warranty details.
Measurements:
Case Height: 47 4⁄5 mm
Case Width: 50 4⁄5 mm
Case Depth: 14 4⁄5 mm
Band Width: 22 mm
Band Circumference/Length: 7 1⁄2 in
Weight: 2.35 oz",091661509391,6pm SKU:#9300295,"https://m.media-amazon.com/images/I/51hx00Cex2L._AC_SR736,920_.jpg","https://m.media-amazon.com/images/I/61jKLMaLVuL._AC_SR736,920_.jpg","https://m.media-amazon.com/images/I/51ZB-+WlDWL._AC_SR736,920_.jpg","https://m.media-amazon.com/images/I/81j8B-F05qL._AC_SR736,920_.jpg",57.00,95.00
Michael Kors,MK7271 - Camille Chronograph Watch,Rose Gold Tone, ,"Watch Sizing Guide
SKU: #9818859
Make a stylish statements wherever you go wearing Michael Kors® MK7271 - Camille Chronograph Watch.
Stainless steel construction.
Rose gold-tone watch.
Roman numerals on the dial .
Bracelet deployant closure.
Water-resistant up to 5 atm.
Imported.
This product may have a manufacturer's warranty. Please visit the manufacturer's website or contact us at warranty@support.zappos.com for full manufacturer warranty details.
Measurements:
Case Diameter: 43mm.",796483576001,6pm SKU:#9818859,"https://m.media-amazon.com/images/I/71q2jpQECsL._AC_SR736,920_.jpg","https://m.media-amazon.com/images/I/61lzsNr597L._AC_SR736,920_.jpg","https://m.media-amazon.com/images/I/61Lt05O4uUL._AC_SR736,920_.jpg","https://m.media-amazon.com/images/I/61JbgyWg5XL._AC_SR736,920_.jpg",110.00,275.00
Kate Spade New York,34 mm Morningside Jacquard Leather Watch - KSW1771,Black, ,"Featuring a scalloped top ring and signature spade flower jacquard on the strap, the Kate Spade New York® 34 mm Morningside Jacquard Leather Watch - KSW1771 lends an iconic charm to your basic everyday style.
SKU: #9818709
34 mm two-tone stainless steel case paired with bold leather strap.
Classic round three-hand analog dial display.
Single prong adjustable buckle strap closure for a secure fit.
Water-resistant up to 30 meters.
Signature box included.
Imported.
This product may have a manufacturer's warranty. Please visit the manufacturer's website or contact us at warranty@support.zappos.com for full manufacturer warranty details.",796483584310,6pm SKU:#9818709,"https://m.media-amazon.com/images/I/61OjPlTBDjL._AC_SR736,920_.jpg","https://m.media-amazon.com/images/I/513T+BCbh5L._AC_SR736,920_.jpg","https://m.media-amazon.com/images/I/71Ug4SCObwL._AC_SR736,920_.jpg","https://m.media-amazon.com/images/I/51+tJRsl1XL._AC_SR736,920_.jpg",111.00,198.00
Nixon,Light-Wave,Black/Scribble, ,"Accentuate your everyday looks with the Nixon® Light-Wave timepiece.
SKU: #9559094
Composed of stainless steel and recycled ocean plastic.
Buckle closure.
Imported.
This product may have a manufacturer's warranty. Please visit the manufacturer's website or contact us at warranty@support.zappos.com for full manufacturer warranty details.
This product may have a manufacturer's warranty. Please visit the manufacturer's website or contact us at warranty@support.zappos.com for full manufacturer warranty details.",191973226389,6pm SKU:#9559094,"https://m.media-amazon.com/images/I/61AqbTxvjgL._AC_SR736,920_.jpg","https://m.media-amazon.com/images/I/81E8pLJGYPL._AC_SR736,920_.jpg","https://m.media-amazon.com/images/I/717+vAQeIcL._AC_SR736,920_.jpg",,90.00,150.00
GUESS,34.5 mm Digital PU Strap GW0270G3,Blue/Blue/Blue, ,"Look absolutely stylish wearing the GUESS® 34.5 mm Digital PU Strap GW0270G3.
SKU: #9847326
Silicon construction.
Stainless steel build.
50m water-resistant.
Digital dial design with buckle closure.
Comes in a box.
Imported.
This product may have a manufacturer's warranty. Please visit the manufacturer's website or contact us at warranty@support.zappos.com for full manufacturer warranty details.
Measurements:
Case Height: 34 1⁄2 mm
Case Width: 34 1⁄2 mm
Case Depth: 13 mm
Band Width: 21 mm
Band Circumference/Length: 8 1⁄2 in
Weight: 2 oz",091661520730,6pm SKU:#9847326,"https://m.media-amazon.com/images/I/51ULMMIzDKL._AC_SR736,920_.jpg","https://m.media-amazon.com/images/I/71anLzHEkyL._AC_SR736,920_.jpg","https://m.media-amazon.com/images/I/61RqFyM-niL._AC_SR736,920_.jpg",,40.02,69.00
GUESS,Vista Multifunction Case with Glitz Bracelet U15502L1M,Rose Gold, ,"Dress up your look with this elegant rose gold-tone watch boasting sleek rhinestone embellishments around the bezel and a mother of pearl dial with multifunctional features.
SKU: #9838578
Case Shape: Round.
Deployment clasp.
Water resistance up to 50 meters / 165 feet.
Analog display.
Case Material: Stainless Steel (polished).
Stainless steel band.
Imported.
This product may have a manufacturer's warranty. Please visit the manufacturer's website or contact us at warranty@support.zappos.com for full manufacturer warranty details.
Measurements:
Case Height: 41 mm
Case Width: 41 mm
Case Depth: 12 mm
Band Width: 20 mm
Band Circumference/Length: 7 1⁄4 in
Weight: 5 oz",091661464447,6pm SKU:#9838578,"https://m.media-amazon.com/images/I/71PejxTOyVL._AC_SR736,920_.jpg","https://m.media-amazon.com/images/I/71TtZaFtIVL._AC_SR736,920_.jpg","https://m.media-amazon.com/images/I/71n-pSnKFOL._AC_SR736,920_.jpg","https://m.media-amazon.com/images/I/71eafB6NA6L._AC_SR736,920_.jpg",93.00,155.00
Lacoste,2001146 - NIKITA,Grey, ,"Elegant and graceful are just the right words to describe the Lacoste® 2001146 - NIKITA watch.
SKU: #9817763
Round stainless steel case.
Analogue dial featuring three-hand movement and signature logo detailing.
Durable leather strap with adjustable buckle closure.
Water-resistant up to 3 ATM.
Presentation box included.
Imported.
This product may have a manufacturer's warranty. Please visit the manufacturer's website or contact us at warranty@support.zappos.com for full manufacturer warranty details.
Measurements:
Case Height: 38 1⁄10 mm
Case Width: 38 1⁄10 mm
Case Depth: 7 9⁄10 mm
Band Width: 15 4⁄5 mm
Band Circumference/Length: 7 1⁄2 in
Weight: 1 oz",885997393911,6pm SKU:#9817763,"https://m.media-amazon.com/images/I/61u21DHFDCL._AC_SR736,920_.jpg","https://m.media-amazon.com/images/I/71kAqZM9IrL._AC_SR736,920_.jpg","https://m.media-amazon.com/images/I/61-DWf6MbaL._AC_SR736,920_.jpg","https://m.media-amazon.com/images/I/410F8acn+NL._AC_SR736,920_.jpg",110.55,165.00
Michael Kors,MK2962 - Camille 3 Hand Watch,Black, ,"Watch Sizing Guide
SKU: #9791722
Bring on a chic update to your look this season wearing the Michael Kors® MK2962 - Camille 3 Hand Watch.
Rose gold-tone, stainless steel case with pave embellishments.
Round, analogue dial featuring classic Roman Numerals and three-hand movement.
Durable leather strap with single prong buckle closure.
Quartz movement.
Water-resistant up to 50 meters.
Box included.
Imported.
This product may have a manufacturer's warranty. Please visit the manufacturer's website or contact us at warranty@support.zappos.com for full manufacturer warranty details.
Measurements:
Case diameter: 33 mm.",796483571709,6pm SKU:#9791722,"https://m.media-amazon.com/images/I/61TlbmFti-L._AC_SR736,920_.jpg","https://m.media-amazon.com/images/I/61bQN1+fXzL._AC_SR736,920_.jpg","https://m.media-amazon.com/images/I/61qqFEW+nTL._AC_SR736,920_.jpg","https://m.media-amazon.com/images/I/61JbgyWg5XL._AC_SR736,920_.jpg",128.00,225.00
Kate Spade New York,34 mm Metro Watch - KSW1752SET,White, ,"Bring on a charming update to your style wearing the Kate Spade New York® 34 mm Metro Watch - KSW1752SET.
SKU: #9791800
Gold-tone, stainless steel case housing white, solar-powered dial with three-hand movement.
Interchangeable leather straps with single prong buckle closure.
Water-resistant up to 30 meters.
Box included.
Imported.
This product may have a manufacturer's warranty. Please visit the manufacturer's website or contact us at warranty@support.zappos.com for full manufacturer warranty details.
Measurements:
Case diameter: 34 mm.",796483572942,6pm SKU:#9791800,"https://m.media-amazon.com/images/I/61keMCbNxAL._AC_SR736,920_.jpg","https://m.media-amazon.com/images/I/51ZO9tBNo5L._AC_SR736,920_.jpg","https://m.media-amazon.com/images/I/512pXWweS2L._AC_SR736,920_.jpg","https://m.media-amazon.com/images/I/51+tJRsl1XL._AC_SR736,920_.jpg",118.97,198.00
Timex,36 mm Peyton with Floral Markers,Gold, ,"Timex® 36 mm Peyton with Floral Markers watch is a perfect extension to the personality and uplifts the aura.
SKU: #9737136
30 meters water resistant watch.
Stainless steel construction.
Bracelet style watch.
Floral markers on dial.
Deployment clasp closure.
Imported.
This product may have a manufacturer's warranty. Please visit the manufacturer's website or contact us at warranty@support.zappos.com for full manufacturer warranty details.",194366174786,6pm SKU:#9737136,"https://m.media-amazon.com/images/I/51vQFJTSdZL._AC_SR736,920_.jpg","https://m.media-amazon.com/images/I/61cW-Z8aKoL._AC_SR736,920_.jpg","https://m.media-amazon.com/images/I/61qt-GrHvmL._AC_SR736,920_.jpg","https://m.media-amazon.com/images/I/51G+VdXK2EL._AC_SR736,920_.jpg",58.00,109.00
Timex,32 mm Adorn with Crystals,Two-Tone, ,"Decorate your wrist in the classy and luxe Timex® 32 mm Adorn with Crystals Watch.
SKU: #9737138
Stainless steel construction.
Textured crystal dial.
Deployment clasp closure.
Imported.
This product may have a manufacturer's warranty. Please visit the manufacturer's website or contact us at warranty@support.zappos.com for full manufacturer warranty details.",194366177015,6pm SKU:#9737138,"https://m.media-amazon.com/images/I/61+0rtDP2OL._AC_SR736,920_.jpg","https://m.media-amazon.com/images/I/719UFmCcj+L._AC_SR736,920_.jpg","https://m.media-amazon.com/images/I/61MlwameRxL._AC_SR736,920_.jpg","https://m.media-amazon.com/images/I/51DifBNANSL._AC_SR736,920_.jpg",47.60,119.00
Timex,38 mm Q Diver Inspired,Two-Tone 1, ,"Gift your loved ones the fashionable Timex® 38 mm Q Diver Inspired Watch.
SKU: #9737131
Stainless-steel construction.
Stainless-steel metal.
Buckle clasp closure.
Round dial.
Quartz Analog movement.
Water-resistant up to 5 ATM.
Imported.
This product may have a manufacturer's warranty. Please visit the manufacturer's website or contact us at warranty@support.zappos.com for full manufacturer warranty details.
Measurements:
millimeters: 38mm.",194366178968,6pm SKU:#9737131,"https://m.media-amazon.com/images/I/61wCpMd+DmL._AC_SR736,920_.jpg","https://m.media-amazon.com/images/I/71T2Cbe5CbL._AC_SR736,920_.jpg","https://m.media-amazon.com/images/I/71-RcUcFUSL._AC_SR736,920_.jpg","https://m.media-amazon.com/images/I/71Oi0gq1LsL._AC_SR736,920_.jpg",115.46,199.00
Timex,36 mm Peyton with Floral Markers,Two-Tone, ,"Timex® 36 mm Peyton with Floral Markers watch is a perfect extension to the personality and uplifts the aura.
SKU: #9737136
30 meters water resistant watch.
Stainless steel construction.
Bracelet style watch.
Floral markers on dial.
Deployment clasp closure.
Imported.
This product may have a manufacturer's warranty. Please visit the manufacturer's website or contact us at warranty@support.zappos.com for full manufacturer warranty details.",194366174786,6pm SKU:#9737136,"https://m.media-amazon.com/images/I/51o5yOmVmVL._AC_SR736,920_.jpg","https://m.media-amazon.com/images/I/61jcsCru7-L._AC_SR736,920_.jpg","https://m.media-amazon.com/images/I/61KKRdFNqpL._AC_SR736,920_.jpg","https://m.media-amazon.com/images/I/51OayPYdw7L._AC_SR736,920_.jpg",98.10,109.00
Timex,36 mm Peyton with Floral Markers,Rose Gold, ,"Timex® 36 mm Peyton with Floral Markers watch is a perfect extension to the personality and uplifts the aura.
SKU: #9737136
30 meters water resistant watch.
Stainless steel construction.
Bracelet style watch.
Floral markers on dial.
Deployment clasp closure.
Imported.
This product may have a manufacturer's warranty. Please visit the manufacturer's website or contact us at warranty@support.zappos.com for full manufacturer warranty details.",194366174786,6pm SKU:#9737136,"https://m.media-amazon.com/images/I/51SSQBLHPUL._AC_SR736,920_.jpg","https://m.media-amazon.com/images/I/61gZ+lrMkOL._AC_SR736,920_.jpg","https://m.media-amazon.com/images/I/61Nc3MmY2NL._AC_SR736,920_.jpg","https://m.media-amazon.com/images/I/515HcjLoE0L._AC_SR736,920_.jpg",98.10,109.00
Timex,36 mm Peyton with Floral Markers,Pink, ,"Timex® 36 mm Peyton with Floral Markers watch is a perfect extension to the personality and uplifts the aura.
SKU: #9737136
30 meters water resistant watch.
Stainless steel construction.
Bracelet style watch.
Floral markers on dial.
Deployment clasp closure.
Imported.
This product may have a manufacturer's warranty. Please visit the manufacturer's website or contact us at warranty@support.zappos.com for full manufacturer warranty details.",194366174786,6pm SKU:#9737136,"https://m.media-amazon.com/images/I/51Uvp+7ThiL._AC_SR736,920_.jpg","https://m.media-amazon.com/images/I/61xbvdXxm6L._AC_SR736,920_.jpg","https://m.media-amazon.com/images/I/61NKxPNfqaL._AC_SR736,920_.jpg","https://m.media-amazon.com/images/I/41PgXDE+PIL._AC_SR736,920_.jpg",89.10,99.00
Ted Baker,"Magnolia Saffiano Leather smartwatch band compatible with Apple watch strap 42mm, 44mm",Black, ,"Add to your collection of watches the Ted Baker® 42/44 Magnolia Saffiano Leather Apple Watch Strap that can make your boring look interesting instantly.
SKU: #9789326
Leather and stainless steel construction.
Patterned construction.
Buckle strap closure.
Comes in a water-resistant box.
Imported.
This product may have a manufacturer's warranty. Please visit the manufacturer's website or contact us at warranty@support.zappos.com for full manufacturer warranty details.
Measurements:
Band Width: 44 mm
Band Circumference/Length: 7 1⁄2 in
Weight: 0.5 oz",194366184525,6pm SKU:#9789326,"https://m.media-amazon.com/images/I/61VKyZaCW3L._AC_SR736,920_.jpg","https://m.media-amazon.com/images/I/51eWZGHavGL._AC_SR736,920_.jpg","https://m.media-amazon.com/images/I/51JVmJACdBL._AC_SR736,920_.jpg",,71.10,79.00
Ted Baker,"Magnolia Saffiano Leather smartwatch band compatible with Apple watch strap 38mm, 40mm",Black, ,"Style your Apple Watches with the fashionable Ted Baker® 38/40 Magnolia Saffiano Leather Apple Watch Strap.
SKU: #9789324
Leather construction.
Buckle closure.
Brand name detailing on the inward side.
Floral embellishment on the upper.
Protective case included.
Imported.
This product may have a manufacturer's warranty. Please visit the manufacturer's website or contact us at warranty@support.zappos.com for full manufacturer warranty details.
Measurements:
Band Width: 40 mm
Band Circumference/Length: 7 1⁄2 in
Weight: 0.5 oz",194366184389,6pm SKU:#9789324,"https://m.media-amazon.com/images/I/619vRiwHCZL._AC_SR736,920_.jpg","https://m.media-amazon.com/images/I/518SCcKeTrL._AC_SR736,920_.jpg","https://m.media-amazon.com/images/I/51MfdjYDilL._AC_SR736,920_.jpg",,71.10,79.00
Timex,32 mm Adorn,Rose Gold, ,"Keep it simple, classy, and sophisticated by wearing the Timex® 32 mm Adorn Watch.
SKU: #9737137
Stainless steel.
Textured bezel dial.
Crystal embellishments.
Deployment clasp closure.
Imported.
This product may have a manufacturer's warranty. Please visit the manufacturer's website or contact us at warranty@support.zappos.com for full manufacturer warranty details.",194366177008,6pm SKU:#9737137,"https://m.media-amazon.com/images/I/610qiHohQvL._AC_SR736,920_.jpg","https://m.media-amazon.com/images/I/71xJFbu26sL._AC_SR736,920_.jpg","https://m.media-amazon.com/images/I/61HpL+DCmJL._AC_SR736,920_.jpg","https://m.media-amazon.com/images/I/51drS2jiHyL._AC_SR736,920_.jpg",98.10,109.00
Timex,32 mm Adorn with Crystals,Gold, ,"Decorate your wrist in the classy and luxe Timex® 32 mm Adorn with Crystals Watch.
SKU: #9737138
Stainless steel construction.
Textured crystal dial.
Deployment clasp closure.
Imported.
This product may have a manufacturer's warranty. Please visit the manufacturer's website or contact us at warranty@support.zappos.com for full manufacturer warranty details.",194366177015,6pm SKU:#9737138,"https://m.media-amazon.com/images/I/61hN29mGuFL._AC_SR736,920_.jpg","https://m.media-amazon.com/images/I/71w6EQy96tL._AC_SR736,920_.jpg","https://m.media-amazon.com/images/I/61ofmBTBf2L._AC_SR736,920_.jpg",,39.68,119.00
Timex,38 mm Midtown,Stainless Steel/Brown/Blue, ,"Take a casual ensemble to the next level with the Timex® 38 mm Midtown.
SKU: #9737152
Round stainless steel case.
Three-hand analog display with quartz movement.
Adjustable leather wrist strap.
Dial face features stick index hour markers, date display window, and brand name.
Minute track at the perimeter.
Water resistant up to 5 ATM/50 meters.
Presentation box included.
Imported.
This product may have a manufacturer's warranty. Please visit the manufacturer's website or contact us at warranty@support.zappos.com for full manufacturer warranty details.",194366191752,6pm SKU:#9737152,"https://m.media-amazon.com/images/I/61Kf2985NkL._AC_SR736,920_.jpg","https://m.media-amazon.com/images/I/71Y4T941vjL._AC_SR736,920_.jpg","https://m.media-amazon.com/images/I/71nNQdghi+L._AC_SR736,920_.jpg","https://m.media-amazon.com/images/I/51u5Er1GyRL._AC_SR736,920_.jpg",68.00,129.00
Timex,41 mm Standard Chronograph,Tan, ,"Wear a timeless piece on your wrist, as you make a long-lasting impression with the Timex® 41 mm Standard Chronograph featuring luminescent hands.
SKU: #9737144
Chronograph watch brings together classic elements with modern materials.
Leather upper and a low lead brass case.
Light-up watch dial featured with an oversized crown.
Date window and quick-release fabric strap.
Water resistant to 50 meters.
Imported.
Size: 41 mm.
This product may have a manufacturer's warranty. Please visit the manufacturer's website or contact us at warranty@support.zappos.com for full manufacturer warranty details.",194366177947,6pm SKU:#9737144,"https://m.media-amazon.com/images/I/61GGSuSosQL._AC_SR736,920_.jpg","https://m.media-amazon.com/images/I/71iu-WRiKNL._AC_SR736,920_.jpg","https://m.media-amazon.com/images/I/71+K9+wl21L._AC_SR736,920_.jpg","https://m.media-amazon.com/images/I/41TYZG82+dL._AC_SR736,920_.jpg",89.25,119.00
Timex,38 mm Q Diver Inspired,Blue, ,"Gift your loved ones the fashionable Timex® 38 mm Q Diver Inspired Watch.
SKU: #9737131
Stainless-steel construction.
Stainless-steel metal.
Buckle clasp closure.
Round dial.
Quartz Analog movement.
Water-resistant up to 5 ATM.
Imported.
This product may have a manufacturer's warranty. Please visit the manufacturer's website or contact us at warranty@support.zappos.com for full manufacturer warranty details.
Measurements:
millimeters: 38mm.",194366178968,6pm SKU:#9737131,"https://m.media-amazon.com/images/I/61vwmG8iH-L._AC_SR736,920_.jpg","https://m.media-amazon.com/images/I/61apg9Io31L._AC_SR736,920_.jpg","https://m.media-amazon.com/images/I/61b+eBMZeOL._AC_SR736,920_.jpg","https://m.media-amazon.com/images/I/71IB0d6Io+L._AC_SR736,920_.jpg",103.10,179.00
Lacoste,2001153 - LACOSTE 1212,Black, ,"Upgrade your watch collection with the sleek and subtle Lacoste® 2001153 - LACOSTE 1212 watch.
SKU: #9783719
Stainless steel round case housing black analogue dial with mineral crystal coating.
Textured leather strap with deployment buckle clasp on it.
Water-resistant up to 5 ATM.
Box included.
Imported.
This product may have a manufacturer's warranty. Please visit the manufacturer's website or contact us at warranty@support.zappos.com for full manufacturer warranty details.
Measurements:
Case Height: 35 mm
Case Width: 35 mm
Case Depth: 10 mm
Band Width: 14 mm
Band Circumference/Length: 7 in
Weight: 1.25 oz",885997393980,6pm SKU:#9783719,"https://m.media-amazon.com/images/I/61E+HkbIQhL._AC_SR736,920_.jpg","https://m.media-amazon.com/images/I/71kc8YyTzaL._AC_SR736,920_.jpg","https://m.media-amazon.com/images/I/71ZRLW5v-eL._AC_SR736,920_.jpg","https://m.media-amazon.com/images/I/41JBLetXm9L._AC_SR736,920_.jpg",130.65,195.00
Lacoste,2000996 - VICTORIA,Yellow Gold, ,"Bring on a fancy update to your watch collection with the iconic and classy Lacoste® 2000996 - VICTORIA watch.
SKU: #8941101
Stainless steel round case housing golden analogue dial with mineral crystal coating.
Smooth leather strap with deployment buckle clasp on it.
Water-resistant up to 3 ATM.
Box included.
Imported.
This product may have a manufacturer's warranty. Please visit the manufacturer's website or contact us at warranty@support.zappos.com for full manufacturer warranty details.
Measurements:
Case Height: 38 mm
Case Width: 38 mm
Case Depth: 8 mm
Band Width: 16 mm
Band Circumference/Length: 7 in
Weight: 1 oz",885997228527,6pm SKU:#8941101,"https://m.media-amazon.com/images/I/61JNv9qHTZL._AC_SR736,920_.jpg","https://m.media-amazon.com/images/I/71pscT-ShlL._AC_SR736,920_.jpg","https://m.media-amazon.com/images/I/71QgqH6gtnL._AC_SR736,920_.jpg","https://m.media-amazon.com/images/I/41JBLetXm9L._AC_SR736,920_.jpg",195.00, 
Lacoste,2011066 - MADRID,Brown, ,"Add a sleek touch to your watch collection by adding the Lacoste® 2011066 - MADRID watch to it.
SKU: #9783695
Stainless steel round case housing silver analogue dial with mineral crystal coating.
Smooth leather strap with deployment buckle clasp on it.
Calendar watch running on quartz movement.
Water-resistant up to 5 ATM.
Box included.
Imported.
This product may have a manufacturer's warranty. Please visit the manufacturer's website or contact us at warranty@support.zappos.com for full manufacturer warranty details.
Measurements:
Case Height: 42 mm
Case Width: 42 mm
Case Depth: 10 mm
Band Width: 20 mm
Band Circumference/Length: 9 in
Weight: 2 oz",885997363785,6pm SKU:#9783695,"https://m.media-amazon.com/images/I/61eDWX99k6L._AC_SR736,920_.jpg","https://m.media-amazon.com/images/I/41JBLetXm9L._AC_SR736,920_.jpg",,,130.65,195.00
Lacoste,2011064 - MADRID,Black, ,"Subtle and classy, the Lacoste® 2011064 - MADRID watch is a perfect addition to your iconic timepiece collection.
SKU: #9783694
Stainless steel round case housing silver analogue dial with mineral crystal coating.
Smooth leather strap with deployment buckle clasp on it.
Calendar watch running on quartz movement.
Water-resistant up to 5 ATM.
Box included.
Imported.
This product may have a manufacturer's warranty. Please visit the manufacturer's website or contact us at warranty@support.zappos.com for full manufacturer warranty details.
Measurements:
Case Height: 43 mm
Case Width: 43 mm
Case Depth: 10 mm
Band Width: 18 mm
Band Circumference/Length: 8 1⁄2 in
Weight: 2 oz",885997363761,6pm SKU:#9783694,"https://m.media-amazon.com/images/I/61dG6e6h42L._AC_SR736,920_.jpg","https://m.media-amazon.com/images/I/71g0ih7pDYL._AC_SR736,920_.jpg","https://m.media-amazon.com/images/I/71XLVGcfNfL._AC_SR736,920_.jpg","https://m.media-amazon.com/images/I/41JBLetXm9L._AC_SR736,920_.jpg",120.90,195.00
Lacoste,2001145 - GENEVA,Stainless Steel, ,"Wear luxury on your wrist when you have the Lacoste® 2001145 - GENEVA watch in your collection.
SKU: #9783717
Stainless steel construction.
Round 32mm case housing a rose-gold analogue dial with mineral crystal coating.
Runs on quartz movement.
Bracelet strap with push-button clasp closure.
Water-resistant up to 3 ATM.
Box included.
Imported.
This product may have a manufacturer's warranty. Please visit the manufacturer's website or contact us at warranty@support.zappos.com for full manufacturer warranty details.
Measurements:
Case Height: 32 mm
Case Width: 32 mm
Case Depth: 9 mm
Band Width: 12 mm
Band Circumference/Length: 7 in
Weight: 2.25 oz",885997393904,6pm SKU:#9783717,"https://m.media-amazon.com/images/I/51ycIq2MO4L._AC_SR736,920_.jpg","https://m.media-amazon.com/images/I/71U-PQGT9oL._AC_SR736,920_.jpg","https://m.media-amazon.com/images/I/71f7MBwg8OL._AC_SR736,920_.jpg","https://m.media-amazon.com/images/I/41JBLetXm9L._AC_SR736,920_.jpg",130.65,195.00
Lacoste,2011058 - MOON,Blue Plating, ,"Wear the Lacoste® 2011058 - MOON Watch and look elegant. This timeless piece pairs well with all kinds of outfit and offers a chic look.
SKU: #9783693
Stainless steel construction.
Mesh bracelet strap with foldover clasp closure.
Stainless steel round dial.
Water-resistant in nature.
Protective box included.
Imported.
This product may have a manufacturer's warranty. Please visit the manufacturer's website or contact us at warranty@support.zappos.com for full manufacturer warranty details.
Measurements:
Case Height: 40 mm
Case Width: 40 mm
Case Depth: 8 mm
Band Width: 20 mm
Band Circumference/Length: 6 1⁄2 in
Weight: 2.5 oz",885997363709,6pm SKU:#9783693,"https://m.media-amazon.com/images/I/61mSJ5sAmQL._AC_SR736,920_.jpg","https://m.media-amazon.com/images/I/713rH4woX+L._AC_SR736,920_.jpg","https://m.media-amazon.com/images/I/717LqQEd1EL._AC_SR736,920_.jpg","https://m.media-amazon.com/images/I/41JBLetXm9L._AC_SR736,920_.jpg",111.80,215.00
Nixon,51-30 Chrono,All Gold/Gold/Black, ,"The 51-30 Chrono Nixon® watch is all you need to stay fly . . . and on time. Get it!
SKU: #8276825
Nixon's Chromacoat Bezel (All White/Silver and Matte Black/Industrial Green styles only): Chromacoat is a top color that chips away with wear and age to reveal a unique undercoat. Through normal wear and tear, this special finish will scratch and chip showing you what a life well lived will look like, creating a completely individual and custom version of the watch.
Custom solid stainless steel case, solid stainless steel unidirectional rotating bezel with a countdown timer.
Hardened mineral crystal.
Screw down crown and pushers, stainless steel screw down caseback and screw pin lugs.
Custom solid stainless steel three-link bracelet with solid stainless steel double locking clasp.
Miyota Japanese quartz six-hand movement chronograph with date and a 9 hr crown.
Dial features:
• Surrounded by a concave dial ring.
• Bold printed indices.
• Printed seconds track.
• CD textured subdials.
Water resistant up to 300 m.
Imported.
This item may ship with an attached security tag. Merchandise returned without the original security tag attached or a damaged tag may not qualify for a refund.
This product may have a manufacturer's warranty. Please visit the manufacturer's website or contact us at warranty@support.zappos.com for full manufacturer warranty details.
Measurements:
Case Height: 51 mm
Case Width: 51 mm
Case Depth: 16 mm
Band Width: 25 mm
Band Circumference/Length: 10 in
Weight: 10.2 oz",191973278548,6pm SKU:#8276825,"https://m.media-amazon.com/images/I/818ruD67emL._AC_SR736,920_.jpg","https://m.media-amazon.com/images/I/71jqEYwtWtL._AC_SR736,920_.jpg","https://m.media-amazon.com/images/I/71p2dVmQ7JL._AC_SR736,920_.jpg","https://m.media-amazon.com/images/I/61jk5jJM6oL._AC_SR736,920_.jpg",167.00,500.00
GUESS,FWY x Magic V1059M1,Yellow/White/Yellow, ,"Add style to your attire and keep a track of time wearing the GUESS® FWY x Magic V1059M1 watch.
SKU: #9703530
Polycarbonate case construction with silicone band.
Digital watch with colorful 'FRIENDS' scripted on the dial and rainbow print on the strap.
Strap buckle closure.
Water-resistant up to 3ATM.
Protective case included.
Imported.
This product may have a manufacturer's warranty. Please visit the manufacturer's website or contact us at warranty@support.zappos.com for full manufacturer warranty details.
Measurements:
Case Height: 31 1⁄2 mm
Case Width: 33 1⁄2 mm
Case Depth: 13 1⁄10 mm
Band Width: 19 3⁄5 mm
Band Circumference/Length: 7 1⁄2 in
Weight: 1.34 oz",091661521515,6pm SKU:#9703530,"https://m.media-amazon.com/images/I/611wgstzztL._AC_SR736,920_.jpg","https://m.media-amazon.com/images/I/71bYHiF9eEL._AC_SR736,920_.jpg","https://m.media-amazon.com/images/I/611FD1GW47L._AC_SR736,920_.jpg","https://m.media-amazon.com/images/I/51ZZi0BnKFL._AC_SR736,920_.jpg",57.00,95.00
Ted Baker,"T Embossed Leather Blue Keeper smartwatch band compatible with Apple watch strap 42mm, 44mm",Black, ,"Enhance your smartwatch experience with the Ted Baker® T-Embossed Leather Blue Keeper Apple Strap 42/44.
SKU: #9606923
Watch sold separately.
Fits 42mm and 44mm Apple Watches®.
22mm band width.
Buckle closure with leather/silver-tone plate.
Genuine leather construction.
Imported.
This product may have a manufacturer's warranty. Please visit the manufacturer's website or contact us at warranty@support.zappos.com for full manufacturer warranty details.
Measurements:
Band Width: 21 3⁄5 mm
Band Circumference/Length: 7 1⁄4 in
Weight: 0.6 oz",194366174113,6pm SKU:#9606923,"https://m.media-amazon.com/images/I/612jK8M2WLL._AC_SR736,920_.jpg","https://m.media-amazon.com/images/I/51BqWOaNFQL._AC_SR736,920_.jpg","https://m.media-amazon.com/images/I/61mWsrFipYL._AC_SR736,920_.jpg",,31.60,79.00
Ted Baker,"Chevron Leather smartwatch band compatible with Apple watch strap 38mm, 40mm",Pink, ,"Enhance your smartwatch experience with the Ted Baker® Chevron Leather Apple Strap 38/40.
SKU: #9606911
Watch sold separately.
Fits 38mm and 40mm Apple Watches®.
20mm band width.
Buckle closure with leather/silver- or gold-tone plate.
Genuine leather construction.
Imported.
This product may have a manufacturer's warranty. Please visit the manufacturer's website or contact us at warranty@support.zappos.com for full manufacturer warranty details.
Measurements:
Band Width: 18 7⁄10 mm
Band Circumference/Length: 7 1⁄4 in
Weight: 0.67 oz",194366173789,6pm SKU:#9606911,"https://m.media-amazon.com/images/I/61kHhlFmb+L._AC_SR736,920_.jpg","https://m.media-amazon.com/images/I/51TPMLYHNPL._AC_SR736,920_.jpg","https://m.media-amazon.com/images/I/610jIBtFFGL._AC_SR736,920_.jpg",,65.12,74.00
Ted Baker,"Chevron Leather smartwatch band compatible with Apple watch strap 42mm, 44mm",Gold, ,"Enhance your smartwatch experience with the Ted Baker® Chevron Leather Apple Strap 42/44.
SKU: #9606916
Watch sold separately.
Fits 42mm and 44mm Apple Watches®.
22mm band width.
Buckle closure with leather/silver- or gold-tone plate.
Genuine leather construction.
Imported.
This product may have a manufacturer's warranty. Please visit the manufacturer's website or contact us at warranty@support.zappos.com for full manufacturer warranty details.
Measurements:
Band Width: 21 1⁄5 mm
Band Circumference/Length: 7 1⁄2 in
Weight: 0.78 oz",194366173956,6pm SKU:#9606916,"https://m.media-amazon.com/images/I/71lagCnTy8L._AC_SR736,920_.jpg","https://m.media-amazon.com/images/I/61vwepM0ZaL._AC_SR736,920_.jpg","https://m.media-amazon.com/images/I/71kPNjUkt+L._AC_SR736,920_.jpg",,54.51,79.00
Ted Baker,"T-embossed leather black keeper smartwatch band compatible with Apple watch strap 42mm, 44mm",Tan, ,"Elevate your smartwatch style in the Ted Baker® T-Embossed Leather Black Keeper Apple Strap 42/44.
SKU: #9606925
Watch sold separately.
Fits 42mm and 44mm Apple Watches®.
22mm band width.
Buckle closure with leather/silver-tone plate.
100% leather.
Imported.
This product may have a manufacturer's warranty. Please visit the manufacturer's website or contact us at warranty@support.zappos.com for full manufacturer warranty details.
Measurements:
Band Width: 21 2⁄5 mm
Band Circumference/Length: 7 1⁄4 in
Weight: 0.6 oz",194366174137,6pm SKU:#9606925,"https://m.media-amazon.com/images/I/61TrXv6RnZL._AC_SR736,920_.jpg","https://m.media-amazon.com/images/I/51DVX5+1FHL._AC_SR736,920_.jpg","https://m.media-amazon.com/images/I/61BJp+bXwFL._AC_SR736,920_.jpg",,31.60,79.00
Ted Baker,"T Embossed Leather Red Keeper smartwatch band compatible with Apple watch strap 42mm, 44mm",Blue, ,"Elevate your smartwatch style in the Ted Baker® London T-Embossed Leather Red Keeper Apple Strap 42/44.
SKU: #9606924
Watch sold separately.
Fits 42mm and 44mm Apple Watches®.
22mm band width.
Buckle closure with leather/silver-tone plate.
Constructed of leather.
Imported.
This product may have a manufacturer's warranty. Please visit the manufacturer's website or contact us at warranty@support.zappos.com for full manufacturer warranty details.
Measurements:
Band Width: 21 2⁄5 mm
Band Circumference/Length: 7 1⁄4 in
Weight: 0.6 oz",194366174120,6pm SKU:#9606924,"https://m.media-amazon.com/images/I/71u9IFMGwvL._AC_SR736,920_.jpg","https://m.media-amazon.com/images/I/51ai2F8Zn4L._AC_SR736,920_.jpg","https://m.media-amazon.com/images/I/61xHJF0EuiL._AC_SR736,920_.jpg",,31.60,79.00
Ted Baker,"T-Embossed Leather Light Green Keeper smartwatch band compatible with Apple watch strap 42mm, 44mm",Brown, ,"Elevate your smartwatch style in the Ted Baker® T-Embossed Leather Light Green Keeper Apple Strap 42/44.
SKU: #9606926
Watch sold separately.
Fits 42mm and 44mm Apple Watches®.
22mm band width.
Buckle closure leather/silver-tone plate.
100% leather.
Imported.
This product may have a manufacturer's warranty. Please visit the manufacturer's website or contact us at warranty@support.zappos.com for full manufacturer warranty details.
Measurements:
Band Width: 21 2⁄5 mm
Band Circumference/Length: 7 1⁄4 in
Weight: 0.6 oz",194366174144,6pm SKU:#9606926,"https://m.media-amazon.com/images/I/71+Bw1UQHPL._AC_SR736,920_.jpg","https://m.media-amazon.com/images/I/51rKzNwg7QL._AC_SR736,920_.jpg","https://m.media-amazon.com/images/I/61RuFivykjL._AC_SR736,920_.jpg",,65.23,79.00
Ted Baker,"Floral Print Leather smartwatch band compatible with Apple watch strap 42mm, 44mm",Multi Floral Print, ,"Enhance your smartwatch experience with the Ted Baker® London Floral Print Leather Apple Strap 42/44.
SKU: #9606912
Watch sold separately.
Fits 38mm and 40mm Apple Watches®.
20mm band width.
Buckle closure with leather/silver- or gold-tone plate.
Constructed of leather.
Imported.
This product may have a manufacturer's warranty. Please visit the manufacturer's website or contact us at warranty@support.zappos.com for full manufacturer warranty details.
Measurements:
Band Width: 19 7⁄10 mm
Band Circumference/Length: 7 1⁄2 in
Weight: 0.56 oz",194366173833,6pm SKU:#9606912,"https://m.media-amazon.com/images/I/71EkNhsl1CL._AC_SR736,920_.jpg","https://m.media-amazon.com/images/I/61PCqLkjMQL._AC_SR736,920_.jpg","https://m.media-amazon.com/images/I/61lcwxA5f3L._AC_SR736,920_.jpg",,29.60,74.00
Ted Baker,"Chevron Leather smartwatch band compatible with Apple watch strap 38mm, 40mm",Silver, ,"Enhance your smartwatch experience with the Ted Baker® Chevron Leather Apple Strap 38/40.
SKU: #9606911
Watch sold separately.
Fits 38mm and 40mm Apple Watches®.
20mm band width.
Buckle closure with leather/silver- or gold-tone plate.
Genuine leather construction.
Imported.
This product may have a manufacturer's warranty. Please visit the manufacturer's website or contact us at warranty@support.zappos.com for full manufacturer warranty details.
Measurements:
Band Width: 18 7⁄10 mm
Band Circumference/Length: 7 1⁄4 in
Weight: 0.67 oz",194366173789,6pm SKU:#9606911,"https://m.media-amazon.com/images/I/71EFZMsKnbL._AC_SR736,920_.jpg","https://m.media-amazon.com/images/I/61RjSlLrnxL._AC_SR736,920_.jpg","https://m.media-amazon.com/images/I/71IXu9Jab2L._AC_SR736,920_.jpg",,58.19,79.00
Ted Baker,"Floral Print Leather smartwatch band compatible with Apple watch strap 42mm, 44mm",Black/White Print, ,"Enhance your smartwatch experience with the Ted Baker® London Floral Print Leather Apple Strap 42/44.
SKU: #9606912
Watch sold separately.
Fits 38mm and 40mm Apple Watches®.
20mm band width.
Buckle closure with leather/silver- or gold-tone plate.
Constructed of leather.
Imported.
This product may have a manufacturer's warranty. Please visit the manufacturer's website or contact us at warranty@support.zappos.com for full manufacturer warranty details.
Measurements:
Band Width: 19 7⁄10 mm
Band Circumference/Length: 7 1⁄2 in
Weight: 0.56 oz",194366173833,6pm SKU:#9606912,"https://m.media-amazon.com/images/I/71GDUN+gbSL._AC_SR736,920_.jpg","https://m.media-amazon.com/images/I/61sZydg0fGL._AC_SR736,920_.jpg","https://m.media-amazon.com/images/I/61AijMd7niL._AC_SR736,920_.jpg",,29.60,74.00
Ted Baker,"Leather Light Green Keeper smartwatch band compatible with Apple watch strap 38mm, 44mm",Brown, ,"Elevate your smartwatch style in the Ted Baker® London Leather Light Green Keeper Apple Strap 42/44.
SKU: #9606928
Watch sold separately.
Fits 42mm and 44mm Apple Watches®.
22mm band width.
Buckle closure with leather/silver-tone plate.
Constructed of leather.
Imported.
This product may have a manufacturer's warranty. Please visit the manufacturer's website or contact us at warranty@support.zappos.com for full manufacturer warranty details.
Measurements:
Band Width: 21 2⁄5 mm
Band Circumference/Length: 7 1⁄4 in
Weight: 0.56 oz",194366174168,6pm SKU:#9606928,"https://m.media-amazon.com/images/I/71jRZJBg2QL._AC_SR736,920_.jpg","https://m.media-amazon.com/images/I/51XP+j4nglL._AC_SR736,920_.jpg","https://m.media-amazon.com/images/I/61vnVvyeDPL._AC_SR736,920_.jpg",,29.60,74.00
Ted Baker,41 mm Mimosaa Chrono SST,Silver/Blue/Blue, ,"Be on-time with the smart Ted Baker® 41 mm Mimosaa Chrono SST Watches.
SKU: #9699018
Stainless steel dial with genuine leather straps.
Tang buckle closure for comfortable fit.
50m water resistant.
Imported.
This product may have a manufacturer's warranty. Please visit the manufacturer's website or contact us at warranty@support.zappos.com for full manufacturer warranty details.
Measurements:
Case Height: 41 1⁄10 mm
Case Width: 41 1⁄10 mm
Case Depth: 11 1⁄10 mm
Band Width: 18 3⁄5 mm
Band Circumference/Length: 10 in
Weight: 1.9 oz",194366142655,6pm SKU:#9699018,"https://m.media-amazon.com/images/I/61uFNK+Xc4L._AC_SR736,920_.jpg","https://m.media-amazon.com/images/I/71mRtIRCnHL._AC_SR736,920_.jpg","https://m.media-amazon.com/images/I/71raVcdGkqL._AC_SR736,920_.jpg","https://m.media-amazon.com/images/I/71KRW4EGCrL._AC_SR736,920_.jpg",102.01,190.00
Timex,40 mm M79 Automatic Stainless Steel Bracelet Watch,Silver/Brown/Silver, ,"Finish your look with timeless style and the elegantly crafted Timex® 40 mm M79 Automatic Stainless Steel Bracelet Watch.
SKU: #9665053
Round, stainless steel case with black topring and acrylic lens.
Black dial with full markings.
Day and date window.
Water resistant to 50m.
21-jewel mechanical movement.
40-hour power reserve and can also be wound manually by using the crown..
Stainless steel mesh bracelet with self-adjust clasp.
Imported.
This product may have a manufacturer's warranty. Please visit the manufacturer's website or contact us at warranty@support.zappos.com for full manufacturer warranty details.
Measurements:
Case Height: 40 mm
Case Width: 40 mm
Case Depth: 14 mm
Band Width: 16 mm
Band Circumference/Length: 9 in
Weight: 4 oz",194366152753,6pm SKU:#9665053,"https://m.media-amazon.com/images/I/61riy+FTfJL._AC_SR736,920_.jpg","https://m.media-amazon.com/images/I/719ffAympvL._AC_SR736,920_.jpg","https://m.media-amazon.com/images/I/71kaNBa6DdL._AC_SR736,920_.jpg","https://m.media-amazon.com/images/I/71fg4YVI13L._AC_SR736,920_.jpg",143.00,289.00
Ted Baker,Wavy Leather Green Keeper Hexagonal Pins w/ Logo 42/44,Tan, ,"The Ted Baker® London Wavy Leather Green Keeper Hexagonal Pins w/ Logo 42/44 is the perfect companion to your Apple® watch.
SKU: #9606915
Includes interchangeable strap compatible for series fitting both 42mm and 44mm styles.
Adjustable single prong strap closure.
Made with stainless steel hardware and leather bands.
Leather crafted with buckle closure.
Compatible with Apple® watch.
Imported.
This product may have a manufacturer's warranty. Please visit the manufacturer's website or contact us at warranty@support.zappos.com for full manufacturer warranty details.
Measurements:
Band Width: 3⁄4 mm
Band Circumference/Length: 7 in
Weight: 1 oz",194366173901,6pm SKU:#9606915,"https://m.media-amazon.com/images/I/71LHufW50xL._AC_SR736,920_.jpg","https://m.media-amazon.com/images/I/61+H3c+PYdL._AC_SR736,920_.jpg","https://m.media-amazon.com/images/I/61u1a+X0DkL._AC_SR736,920_.jpg",,33.60,84.00
Ted Baker,Wavy Leather Pink Keeper Hexagonal Pins w/ Logo 42/44,Pink, ,"Elevate your smartwatch style with the Ted Baker® London Wavy Leather Pink Keeper Hexagonal Pins w/ Logo 42/44.
SKU: #9606914
Watch sold separately.
Fits 42mm and 44mm Apple Watches®.
22mm band width.
Buckle closure with leather/gold-tone plate.
Constructed of leather.
Imported.
This product may have a manufacturer's warranty. Please visit the manufacturer's website or contact us at warranty@support.zappos.com for full manufacturer warranty details.
Measurements:
Band Width: 19 1⁄2 mm
Band Circumference/Length: 7 1⁄4 in
Weight: 0.6 oz",194366173864,6pm SKU:#9606914,"https://m.media-amazon.com/images/I/61KKn9xOixL._AC_SR736,920_.jpg","https://m.media-amazon.com/images/I/51D1EVDZTrL._AC_SR736,920_.jpg","https://m.media-amazon.com/images/I/61r52Rg3WHL._AC_SR736,920_.jpg",,33.60,84.00
Ted Baker,"""Ted"" Engraved Leather Blue Keeper smartwatch band compatible with Apple watch strap 42mm, 44mm",Black, ,"Elevate your smartwatch style in the Ted Baker® London ""Ted"" Engraved Leather Blue Keeper Apple.
SKU: #9606917
Watch sold separately.
Fits 42mm and 44mm Apple Watches®.
22mm band width.
Buckle closure with leather/silver-tone plate.
Constructed of leather.
Imported.
This product may have a manufacturer's warranty. Please visit the manufacturer's website or contact us at warranty@support.zappos.com for full manufacturer warranty details.
Measurements:
Band Width: 21 3⁄5 mm
Band Circumference/Length: 7 1⁄4 in
Weight: 0.56 oz",194366173970,6pm SKU:#9606917,"https://m.media-amazon.com/images/I/71sJDXQvG6L._AC_SR736,920_.jpg","https://m.media-amazon.com/images/I/61kzJ+JxTvL._AC_SR736,920_.jpg","https://m.media-amazon.com/images/I/61JlUtTd2KL._AC_SR736,920_.jpg",,30.34,74.00
Ted Baker,Wavy Leather Green Keeper Hexagonal Pins w/ Logo 38/40,Tan, ,"Elevate your chic styling with the Ted Baker® London Wavy Leather Green Keeper Hexagonal Pins w/ Logo 38/40.
SKU: #9606910
Watch sold separately.
Fits 42mm and 44mm Apple Watches®.
22mm band width.
Buckle closure with leather/silver-tone plate.
Constructed of leather.
Imported.
This product may have a manufacturer's warranty. Please visit the manufacturer's website or contact us at warranty@support.zappos.com for full manufacturer warranty details.
Measurements:
Band Width: 17 1⁄10 mm
Band Circumference/Length: 7 in
Weight: 0.53 oz",194366173765,6pm SKU:#9606910,"https://m.media-amazon.com/images/I/71d7y1agAJL._AC_SR736,920_.jpg","https://m.media-amazon.com/images/I/61g-UcAJ7zL._AC_SR736,920_.jpg","https://m.media-amazon.com/images/I/61UZjNrdZJL._AC_SR736,920_.jpg",,33.60,84.00
Ted Baker,"""Ted"" Engraved Leather Light Green Keeper smartwatch band compatible with Apple watch strap 42mm, 44mm",Green, ,"Enhance your smartwatch experience with the Ted Baker® ""Ted"" Engraved Leather Light Green Keeper Apple Strap 42/44.
SKU: #9606919
Watch sold separately.
Fits 42mm and 44mm Apple Watches®.
22mm band width.
Buckle closure with leather/silver-tone plate.
Genuine leather construction.
Imported.
This product may have a manufacturer's warranty. Please visit the manufacturer's website or contact us at warranty@support.zappos.com for full manufacturer warranty details.
Measurements:
Band Width: 16 2⁄5 mm
Band Circumference/Length: 7 1⁄4 in
Weight: 0.56 oz",194366174182,6pm SKU:#9606919,"https://m.media-amazon.com/images/I/711ypcWaxVL._AC_SR736,920_.jpg","https://m.media-amazon.com/images/I/51u0GJ0PW7L._AC_SR736,920_.jpg","https://m.media-amazon.com/images/I/61C95Is1cTL._AC_SR736,920_.jpg",,29.60,74.00
Ted Baker,"""Ted"" Engraved Leather Black Keeper smartwatch band compatible with Apple watch strap 42mm, 44mm",Tan, ,"Enhance your smartwatch experience with the Ted Baker® ""Ted"" Engraved Leather Black Keeper Apple Strap 42/44.
SKU: #9606918
Fits 42mm and 44mm Apple Watches®.
Watch sold separately.
22mm band width.
Buckle closure with leather/silver-tone plate.
Genuine leather construction.
Imported.
This product may have a manufacturer's warranty. Please visit the manufacturer's website or contact us at warranty@support.zappos.com for full manufacturer warranty details.
Measurements:
Band Width: 22 mm
Band Circumference/Length: 7 1⁄4 in
Weight: 0.56 oz",194366173994,6pm SKU:#9606918,"https://m.media-amazon.com/images/I/71-VoDXIoWL._AC_SR736,920_.jpg","https://m.media-amazon.com/images/I/61Cm7nmBNAL._AC_SR736,920_.jpg","https://m.media-amazon.com/images/I/61Qf2ps2t7L._AC_SR736,920_.jpg",,29.60,74.00
Ted Baker,Wavy Leather Pink Keeper Hexagonal Pins w/ Logo 42/44,Black, ,"Elevate your smartwatch style with the Ted Baker® London Wavy Leather Pink Keeper Hexagonal Pins w/ Logo 42/44.
SKU: #9606914
Watch sold separately.
Fits 42mm and 44mm Apple Watches®.
22mm band width.
Buckle closure with leather/gold-tone plate.
Constructed of leather.
Imported.
This product may have a manufacturer's warranty. Please visit the manufacturer's website or contact us at warranty@support.zappos.com for full manufacturer warranty details.
Measurements:
Band Width: 19 1⁄2 mm
Band Circumference/Length: 7 1⁄4 in
Weight: 0.6 oz",194366173864,6pm SKU:#9606914,"https://m.media-amazon.com/images/I/71NBcJ33RKL._AC_SR736,920_.jpg","https://m.media-amazon.com/images/I/51tBW0mg+DL._AC_SR736,920_.jpg","https://m.media-amazon.com/images/I/61ywuIVhqZL._AC_SR736,920_.jpg",,50.40,84.00
Ted Baker,"Floral Print Leather smartwatch band compatible with Apple watch strap 38mm, 40mm",Black/White Print, ,"Add some chic style to your everyday look with the Ted Baker® Floral Print Leather Apple Strap 38/40.
SKU: #9606907
Watch sold separately.
Fits 42mm and 44mm Apple Watches.
22mm band width.
Buckle closure with leather/silver-tone plate.
100% leather.
Imported.
This product may have a manufacturer's warranty. Please visit the manufacturer's website or contact us at warranty@support.zappos.com for full manufacturer warranty details.
Measurements:
Band Width: 17 3⁄10 mm
Band Circumference/Length: 7 1⁄2 in
Weight: 0.49 oz",194366173680,6pm SKU:#9606907,"https://m.media-amazon.com/images/I/71VU-iutitL._AC_SR736,920_.jpg","https://m.media-amazon.com/images/I/514-Co+Q-PL._AC_SR736,920_.jpg","https://m.media-amazon.com/images/I/61Yr6QHWoCL._AC_SR736,920_.jpg",,29.60,74.00
Ted Baker,"Floral Print Leather smartwatch band compatible with Apple watch strap 38mm, 40mm",Multi Floral Print, ,"Add some chic style to your everyday look with the Ted Baker® Floral Print Leather Apple Strap 38/40.
SKU: #9606907
Watch sold separately.
Fits 42mm and 44mm Apple Watches.
22mm band width.
Buckle closure with leather/silver-tone plate.
100% leather.
Imported.
This product may have a manufacturer's warranty. Please visit the manufacturer's website or contact us at warranty@support.zappos.com for full manufacturer warranty details.
Measurements:
Band Width: 17 3⁄10 mm
Band Circumference/Length: 7 1⁄2 in
Weight: 0.49 oz",194366173680,6pm SKU:#9606907,"https://m.media-amazon.com/images/I/71w5e9-waNL._AC_SR736,920_.jpg","https://m.media-amazon.com/images/I/51cPbIaCsrL._AC_SR736,920_.jpg","https://m.media-amazon.com/images/I/61-BSkuGXXL._AC_SR736,920_.jpg",,29.60,74.00
Ted Baker,Wavy Leather Pink Keeper Hexagonal Pins w/ Logo 38/40,Black, ,"Elevate your chic styling with the Ted Baker® Wavy Leather Pink Keeper Hexagonal Pins w/ Logo 38/40.
SKU: #9606909
Watch sold separately.
Fits 42mm and 44mm Apple Watches®.
22mm band width.
Buckle closure with leather/gold-tone plate.
100% leather.
Imported.
This product may have a manufacturer's warranty. Please visit the manufacturer's website or contact us at warranty@support.zappos.com for full manufacturer warranty details.
Measurements:
Band Width: 17 2⁄5 mm
Band Circumference/Length: 7 in
Weight: 0.53 oz",194366173727,6pm SKU:#9606909,"https://m.media-amazon.com/images/I/7174HWzCo0L._AC_SR736,920_.jpg","https://m.media-amazon.com/images/I/51oOkkDnhgL._AC_SR736,920_.jpg","https://m.media-amazon.com/images/I/61SwMIluqQL._AC_SR736,920_.jpg",,75.60,84.00
Nixon,Light-Wave,All Black, ,"Accentuate your everyday looks with the Nixon® Light-Wave timepiece.
SKU: #9559094
Composed of stainless steel and recycled ocean plastic.
Buckle closure.
Imported.
This product may have a manufacturer's warranty. Please visit the manufacturer's website or contact us at warranty@support.zappos.com for full manufacturer warranty details.
This product may have a manufacturer's warranty. Please visit the manufacturer's website or contact us at warranty@support.zappos.com for full manufacturer warranty details.",191973226389,6pm SKU:#9559094,"https://m.media-amazon.com/images/I/61ZrNHHkrjS._AC_SR736,920_.jpg","https://m.media-amazon.com/images/I/614F4mpP1lS._AC_SR736,920_.jpg","https://m.media-amazon.com/images/I/71vL3F2cQdS._AC_SR736,920_.jpg","https://m.media-amazon.com/images/I/51l6CyZrMAS._AC_SR736,920_.jpg",105.00,150.00
Ted Baker,27 mm Luchiaa 3-Hand Watch,Gold/Black/Gold, ,"Simply gorgeous, yet understated the Ted Baker® London 27 mm Luchiaa 3-Hand Watch will have you figuring out which outfits you can match this to. Available in two color options.
SKU: #9589000
Mesh watch band with a safety clasp closure.
Stainless steel case with mineral crystal dial face. Logo detail graphic on dial face.
Quartz movement with gold-toned hour markers and a smooth-finished bezel.
Water resistant up to 5ATM/ 50 meters.
Presentation box is included.
Imported.
This product may have a manufacturer's warranty. Please visit the manufacturer's website or contact us at warranty@support.zappos.com for full manufacturer warranty details.
Measurements:
Case Height: 23 mm
Case Width: 23 mm
Case Depth: 7 mm
Band Width: 14 mm
Band Circumference/Length: 6 1⁄2 in
Weight: 1.5 oz",194366043457,6pm SKU:#9589000,"https://m.media-amazon.com/images/I/61FIMj3hZ-S._AC_SR736,920_.jpg","https://m.media-amazon.com/images/I/61QRp4cnK-S._AC_SR736,920_.jpg","https://m.media-amazon.com/images/I/71q-RVuJYaS._AC_SR736,920_.jpg","https://m.media-amazon.com/images/I/71z5PUmcJAS._AC_SR736,920_.jpg",144.00,160.00
Timex,41 mm Navi XL Automatic Stainless Steel Case,Silver/Blue/Two-Tone, ,"Capture elegance in the sophisticated Timex® 41 mm Navi XL Automatic Stainless Steel Case.
SKU: #9565297
Lightweight design with durable construction.
Round face design with single push foldover clasp.
Stainless steel.
Imported.
This product may have a manufacturer's warranty. Please visit the manufacturer's website or contact us at warranty@support.zappos.com for full manufacturer warranty details.
Measurements:
Case Height: 32 mm
Case Width: 32 mm
Case Depth: 13 mm
Band Width: 18 mm
Band Circumference/Length: 7 1⁄2 in
Weight: 6 oz",194366085198,6pm SKU:#9565297,"https://m.media-amazon.com/images/I/61wDhJCXnoS._AC_SR736,920_.jpg","https://m.media-amazon.com/images/I/61Vhzvd2JdS._AC_SR736,920_.jpg","https://m.media-amazon.com/images/I/612qLfy0bHS._AC_SR736,920_.jpg","https://m.media-amazon.com/images/I/61TYqPdecTL._AC_SR736,920_.jpg",178.93,299.00
GBG Los Angeles,Enterprise G79121G1,Silver Tone/Black/Mens Silver, ,"Elevate your everyday look with the GBG Los Angeles™ Enterprise G79121G1 watch.
SKU: #9506635
Three-hand analog display with Japanese movement.
3 ATM Water Resistance Rating.
Stainless steel hardware.
Buckle closure.
Imported.
This product may have a manufacturer's warranty. Please visit the manufacturer's website or contact us at warranty@support.zappos.com for full manufacturer warranty details.
Measurements:
Case Height: 41 mm
Case Width: 41 mm
Case Depth: 12 mm
Band Width: 24 mm
Band Circumference/Length: 8 in
Weight: 3 oz",091661511615,6pm SKU:#9506635,"https://m.media-amazon.com/images/I/61lI64QmrNL._AC_SR736,920_.jpg","https://m.media-amazon.com/images/I/61MrR7eMlqL._AC_SR736,920_.jpg","https://m.media-amazon.com/images/I/71OpWf-PjzL._AC_SR736,920_.jpg","https://m.media-amazon.com/images/I/61KZ1+X4f0L._AC_SR736,920_.jpg",55.99,79.99
GBG Los Angeles,Capsule G99139G1,Rose Gold Tone/Black/Mens Black/Gunmetal, ,"With this fashion forward styling, the GBG Los Angeles™ Capsule G99139G1 has a leather strap with a tang buckle. Adding this watch to your collection has never been easier.
SKU: #9506648
Leather strap.
Tang buckle.
Water resistant to 3 ATM/30 meters.
Stainless steel.
Imported.
This product may have a manufacturer's warranty. Please visit the manufacturer's website or contact us at warranty@support.zappos.com for full manufacturer warranty details.
Measurements:
Case Height: 35 mm
Case Width: 35 mm
Case Depth: 10 mm
Band Width: 23 mm
Band Circumference/Length: 9 in
Weight: 3 oz",091661515361,6pm SKU:#9506648,"https://m.media-amazon.com/images/I/71AVUAqC5vL._AC_SR736,920_.jpg","https://m.media-amazon.com/images/I/61dNIvSNpvL._AC_SR736,920_.jpg","https://m.media-amazon.com/images/I/71nzhRrY2CL._AC_SR736,920_.jpg","https://m.media-amazon.com/images/I/61TKox8rtTL._AC_SR736,920_.jpg",50.00,99.99
GBG Los Angeles,Enterprise G99128G1,Silver Tone/Silver Tone/Mens Silver, ,"Silver-tone stainless steel.
SKU: #9506645
Push-button deployment clasp.
Imported.
This product may have a manufacturer's warranty. Please visit the manufacturer's website or contact us at warranty@support.zappos.com for full manufacturer warranty details.
Measurements:
Case Height: 42 mm
Case Width: 42 mm
Case Depth: 12 mm
Band Width: 24 mm
Band Circumference/Length: 6 1⁄2 in
Weight: 6 oz",091661510656,6pm SKU:#9506645,"https://m.media-amazon.com/images/I/61li-ZyGpyL._AC_SR736,920_.jpg","https://m.media-amazon.com/images/I/611V5rMzfhL._AC_SR736,920_.jpg","https://m.media-amazon.com/images/I/71YmPgkNWBL._AC_SR736,920_.jpg","https://m.media-amazon.com/images/I/61L2s3WtLaL._AC_SR736,920_.jpg",50.00,99.99
Nixon,Kensington,Rose Gold/Storm, ,"""'Ello! You're looking rather dashing in that Nixon® Kensington watch, sir. Good day!""
SKU: #9679327
Nixon's Chromacoat (All White/Gold style only): Chromacoat is a top color that chips away with wear and age to reveal a unique undercoat. Through normal wear and tear, this special finish will scratch and chip showing you what a life well lived will look like, creating a completely individual and custom version of the watch.
Solid stainless steel case.
Hardened mineral crystal.
Stainless steel snap fit caseback and spring pin lugs.
Stainless steel bracelet with a stainless steel locking clasp.
Miyota Japanese quartz three-hand movement.
Dial features:
• Engraved and printed indices.
• Custom molded hands.
Water resistant up to 50 meters.
Imported.
This product may have a manufacturer's warranty. Please visit the manufacturer's website or contact us at warranty@support.zappos.com for full manufacturer warranty details.",191973037886,6pm SKU:#9679327,"https://m.media-amazon.com/images/I/71fq6nACgOL._AC_SR736,920_.jpg","https://m.media-amazon.com/images/I/61lo9GBu-FL._AC_SR736,920_.jpg","https://m.media-amazon.com/images/I/61YjOlt7iWL._AC_SR736,920_.jpg",,175.00, 
Columbia College,LSU Tigers Peak Patrol Watch,White, ,"The Columbia® College LSU Tigers Peak Patrol Watch features a chiseled bezel with peaks and valleys forged into its steel casing with displayed number markings and Japanese analog movements.
SKU: #9481995
The Peak Patrol watch features a sand-blasted finish dial texture and a day-date calendar for extreme timing.
Water-resistant silicone strap with bold colors inspired by Louisiana State University designed for rugged conditions.
Round stainless steel case with Japanese analog movements.
Imported.
This product may have a manufacturer's warranty. Please visit the manufacturer's website or contact us at warranty@support.zappos.com for full manufacturer warranty details.",810031870547,6pm SKU:#9481995,"https://m.media-amazon.com/images/I/610vf8wUo2L._AC_SR736,920_.jpg","https://m.media-amazon.com/images/I/61Dv1qSH02L._AC_SR736,920_.jpg","https://m.media-amazon.com/images/I/61PM94qs33L._AC_SR736,920_.jpg",,89.00,165.00
Timex,42 mm Harborside Multifunction,Silver/Blue/Brown, ,"Be reminded of the coast wearing the Timex® 42 mm Harborside Multifunction watch features a round stainless steel case, adjustable leather wrist strap, and dial face with three sub-dials.
SKU: #9862225
Traditional buckle closure.
Three-hand analog display with quartz movement.
Dial face features Arabic numerals at 12 o'clock, stick index hour markers, and brand name.
Minute track at dial ring.
Integrated crown.
Water resistant up to 5 ATM/50 meters.
Presentation box included.
Imported.
This product may have a manufacturer's warranty. Please visit the manufacturer's website or contact us at warranty@support.zappos.com for full manufacturer warranty details.
Measurements:
Case Height: 42 mm
Case Width: 42 mm",194366038132,6pm SKU:#9862225,"https://m.media-amazon.com/images/I/71keg-j-I1L._AC_SR736,920_.jpg","https://m.media-amazon.com/images/I/71dPWFUQebL._AC_SR736,920_.jpg","https://m.media-amazon.com/images/I/61VWYNlw7TL._AC_SR736,920_.jpg",,109.00, 
Nixon,Patrol,All Silver/Lum, ,"Get out there and shake things up wearing the Nixon® Patrol.
SKU: #9210003
Round stainless steel case.
Stainless steel three-link bracelet.
Fold-over claps with double push-button release.
Three-hand analog display with Miyota Japanese quartz movement.
Dial face features Arabic numerals, stick index hour markers, and brand name.
Dial ring features minute track.
Hardened mineral crystal window.
Water resistant up to 10 ATM/100 meters.
Presentation box included.
Imported.
This product may have a manufacturer's warranty. Please visit the manufacturer's website or contact us at warranty@support.zappos.com for full manufacturer warranty details.
Measurements:
Case Height: 42 mm
Case Width: 42 mm
Case Depth: 10 1⁄2 mm
Band Width: 20 9⁄10 mm
Band Circumference/Length: 93 1⁄2 in
Weight: 5.2 oz",191973192776,6pm SKU:#9210003,"https://m.media-amazon.com/images/I/71kQqvsY3dL._AC_SR736,920_.jpg","https://m.media-amazon.com/images/I/61Y5g5YLHNL._AC_SR736,920_.jpg","https://m.media-amazon.com/images/I/51OcwPdlN6L._AC_SR736,920_.jpg",,173.25,275.00
Timex,41 mm Navi XL 3-Hand,Silver/Black/Black, ,"A classic style from the archives is reborn for modern times with the Timex® 41mm Navi XL 3-Hand watch.
SKU: #9363391
Round case.
Fabric slip-through strap.
Traditional buckle closure.
Three-hand analog display with quartz movement.
Indiglo® light-up watch dial features geometric-shape hour markers, and military hour markers at inner perimeter.
Bottlecap bezel with numeric detail.
Integrated crown protection.
Water resistant 10 ATM / 100 meters.
Presentation box included.
Imported.
This product may have a manufacturer's warranty. Please visit the manufacturer's website or contact us at warranty@support.zappos.com for full manufacturer warranty details.
Measurements:
Case Height: 41 mm
Case Width: 41 mm
Case Depth: 15 mm
Band Width: 20 mm
Band Circumference/Length: 10 1⁄2 in
Weight: 2.4 oz",753048879977,6pm SKU:#9363391,"https://m.media-amazon.com/images/I/71jVFMy4W7L._AC_SR736,920_.jpg","https://m.media-amazon.com/images/I/71i7yQSU-AL._AC_SR736,920_.jpg","https://m.media-amazon.com/images/I/61V2IoFtriL._AC_SR736,920_.jpg",,72.00,129.00
Michele,14 mm Saddle Calfskin Brown,Brown, ,"Elevate your Michele® timepiece collection with the sleek and sophisticated 14 mm Saddle Calfskin Brown watch strap.
SKU: #9306312
Interchangeable with any Michele 14mm watch head.
Calfskin brown leather strap with two strap keepers.
Stainless steel buckle closure with signature logo engraving.
Brand name drawstring bag included.
Made in Italy.
This product may have a manufacturer's warranty. Please visit the manufacturer's website or contact us at warranty@support.zappos.com for full manufacturer warranty details.
Measurements:
Band Width: 16 mm
Band Circumference/Length: 7 in
Weight: 0.2 oz",099945526614,6pm SKU:#9306312,"https://m.media-amazon.com/images/I/61e7gsS5m1L._AC_SR736,920_.jpg","https://m.media-amazon.com/images/I/61bwGhu95iL._AC_SR736,920_.jpg","https://m.media-amazon.com/images/I/61cfJhPVizL._AC_SR736,920_.jpg",,72.00,80.00
Nixon,Kensington Leather,Port, ,"Make your wrist stand out with the Kensington Leather watch!
SKU: #8772339
Solid stainless steel case.
Hardened mineral crystal.
Color coordinated band and face.
Stainless steel snap fit caseback and spring pin lugs.
Genuine leather custom band with a stainless steel buckle.
Miyota Japanese quartz three-hand movement.
Dial features:
• Engraved and printed indices.
• Custom molded hands.
Water resistant up to 50 meters.
Imported.
This product may have a manufacturer's warranty. Please visit the manufacturer's website or contact us at warranty@support.zappos.com for full manufacturer warranty details.
Measurements:
Case Height: 37 mm
Case Width: 37 mm
Case Depth: 9 mm
Band Width: 15 3⁄4 mm
Band Circumference/Length: 8 1⁄2 in
Weight: 1.4 oz",191973052971,6pm SKU:#8772339,"https://m.media-amazon.com/images/I/71rVpQnB7mL._AC_SR736,920_.jpg","https://m.media-amazon.com/images/I/71wvtCzZqlL._AC_SR736,920_.jpg","https://m.media-amazon.com/images/I/61qN7LRB3aL._AC_SR736,920_.jpg",,54.00,125.00
GUESS,U0638L8,Rose Gold Tone/Tortoise, ,"This standout piece elevates jeans and a crisp white shirt to fashionable levels unseen!
SKU: #9116945
Stainless steel case.
Acetate bracelet strap with flattering jewelry clasp.
Round face.
Three-hand analog display with quartz movement.
Dial features rose gold-tone hands and hour markers, a two-tone cheetah-print flair and Guess detailing.
Water resistant up to 100 feet.
Display case included.
Imported.
This product may have a manufacturer's warranty. Please visit the manufacturer's website or contact us at warranty@support.zappos.com for full manufacturer warranty details.
Measurements:
Case Height: 34 3⁄5 mm
Case Width: 34 3⁄5 mm
Case Depth: 10 mm
Band Width: 18 1⁄10 mm
Band Circumference/Length: 8 1⁄2 in
Weight: 2.8 oz",091661490743,6pm SKU:#9116945,"https://m.media-amazon.com/images/I/71uTt3xCM0L._AC_SR736,920_.jpg","https://m.media-amazon.com/images/I/91w0H7wYxHL._AC_SR736,920_.jpg","https://m.media-amazon.com/images/I/61DW4zQ-xlL._AC_SR736,920_.jpg",,96.00,160.00
Lacoste,2000997 - VICTORIA,Rose Gold, ,"Give your look a little glam with this watch from Lacoste®!
SKU: #8941102
Stainless steel case.
Leather strap with adjustable buckle closure.
Round face.
Three-hand analog display with quartz movement.
Textured dial features alligator logo and rose gold-tone hands.
Water resistant 3 ATM.
Display case included.
Imported.
This product may have a manufacturer's warranty. Please visit the manufacturer's website or contact us at warranty@support.zappos.com for full manufacturer warranty details.
Measurements:
Case Height: 38 mm
Case Width: 38 mm
Case Depth: 8 mm
Band Width: 18 4⁄5 mm
Band Circumference/Length: 8 in
Weight: 1.4 oz",885997228534,6pm SKU:#8941102,"https://m.media-amazon.com/images/I/718dEYFst6L._AC_SR736,920_.jpg","https://m.media-amazon.com/images/I/717fvp6SYXL._AC_SR736,920_.jpg","https://m.media-amazon.com/images/I/61mv0qLy2NL._AC_SR736,920_.jpg",,97.50,195.00
Lacoste,2020130 - GOA,Multi, ,"Keep up your preppy fresh style with this Lacoste® timepiece.
SKU: #8967363
Silicone-wrapped case.
Silicone bracelet with logo graphic and buckle closure.
Round face.
Two-hand analog display with quartz movement.
Water resistant 3 ATM.
Imported.
This product may have a manufacturer's warranty. Please visit the manufacturer's website or contact us at warranty@support.zappos.com for full manufacturer warranty details.
Measurements:
Case Height: 40 mm
Case Width: 40 mm
Case Depth: 9 mm
Band Width: 19 13⁄16 mm
Band Circumference/Length: 10 in
Weight: 1 oz",885997228718,6pm SKU:#8967363,"https://m.media-amazon.com/images/I/71RPrUiBb8L._AC_SR736,920_.jpg","https://m.media-amazon.com/images/I/71VYAdUoWyL._AC_SR736,920_.jpg","https://m.media-amazon.com/images/I/61VoK6-HcvL._AC_SR736,920_.jpg",,100.00,125.00
